{"name":"atlas_main_ske","imagePath":"texture.png","SubTexture":[{"name":"BodyParts/Clothes/Clothes4","x":983,"width":37,"y":378,"height":39},{"name":"BodyParts/Clothes/Clothes3","x":74,"width":36,"y":426,"height":38},{"name":"BodyParts/Clothes/Clothes2","x":73,"width":36,"y":465,"height":36},{"name":"BodyParts/Clothes/Clothes1","x":74,"width":37,"y":386,"height":39},{"name":"BodyParts/Clothes/Clothes5","x":262,"width":36,"y":419,"height":38},{"name":"BodyParts/Clothes/Clothes6","x":262,"width":36,"y":376,"height":42},{"name":"BodyParts/Clothes/Clothes7","x":74,"width":36,"y":343,"height":42},{"name":"BodyParts/Clothes/Clothes4_Profile","x":245,"width":33,"y":570,"height":36},{"name":"BodyParts/Clothes/Clothes3_Profile","x":73,"width":33,"y":502,"height":36},{"name":"BodyParts/Clothes/Clothes2_Profile","x":50,"width":33,"y":576,"height":36},{"name":"BodyParts/Clothes/Clothes1_Profile","x":344,"width":33,"y":561,"height":36},{"name":"BodyParts/Clothes/Clothes5_Profile","x":245,"width":33,"y":533,"height":36},{"name":"BodyParts/Clothes/Clothes6_Profile","x":256,"width":33,"y":496,"height":36},{"name":"BodyParts/Clothes/Clothes7_Profile","x":566,"width":33,"y":562,"height":36},{"name":"BodyParts/Clothes/FootClothes4","x":1011,"width":12,"y":163,"height":28},{"name":"BodyParts/Clothes/FootClothes3","x":993,"width":12,"y":176,"height":28},{"name":"BodyParts/Clothes/FootClothes2","x":864,"width":13,"y":164,"height":28},{"name":"BodyParts/Clothes/FootClothes1","x":630,"width":15,"y":129,"height":29},{"name":"BodyParts/Clothes/FootClothes5","x":630,"width":12,"y":186,"height":29},{"name":"BodyParts/Clothes/FootClothes6","x":193,"width":12,"y":174,"height":29},{"name":"BodyParts/Clothes/FootClothes7","x":1006,"width":12,"y":192,"height":29},{"name":"BodyParts/Clothes/FootClothes4_Profile","x":993,"width":12,"y":205,"height":26},{"name":"BodyParts/Clothes/FootClothes3_Profile","x":630,"width":12,"y":216,"height":26},{"name":"BodyParts/Clothes/FootClothes2_Profile","x":193,"width":12,"y":204,"height":26},{"name":"BodyParts/Clothes/FootClothes1_Profile","x":630,"width":16,"y":159,"height":26},{"name":"BodyParts/Clothes/FootClothes5_Profile","x":864,"width":13,"y":220,"height":26},{"name":"BodyParts/Clothes/FootClothes6_Profile","x":1006,"width":13,"y":222,"height":26},{"name":"BodyParts/Clothes/FootClothes7_Profile","x":864,"width":13,"y":193,"height":26},{"name":"BodyParts/SkinAsset/FootOuter1","x":1015,"width":8,"y":0,"height":24},{"name":"BodyParts/Clothes/HandClothesBottom4","x":1015,"width":8,"y":83,"height":17},{"name":"BodyParts/Clothes/HandClothesBottom3","x":1015,"width":8,"y":65,"height":17},{"name":"BodyParts/Clothes/HandClothesBottom1","x":1005,"width":8,"y":124,"height":17},{"name":"BodyParts/Clothes/HandClothesBottom5","x":1015,"width":8,"y":47,"height":17},{"name":"BodyParts/Clothes/HandClothesBottom6","x":1015,"width":8,"y":119,"height":17},{"name":"BodyParts/Clothes/HandClothesBottom7","x":1015,"width":8,"y":101,"height":17},{"name":"BodyParts/SkinAsset/HandOuterBottom1","x":1015,"width":8,"y":25,"height":21},{"name":"BodyParts/SkinAsset/HandTopSkinWhite","x":1013,"width":10,"y":149,"height":13},{"name":"BodyParts/Clothes/HandClothesTop4","x":193,"width":11,"y":258,"height":13},{"name":"BodyParts/Clothes/HandClothesTop3","x":1005,"width":11,"y":260,"height":13},{"name":"BodyParts/Clothes/HandClothesTop2","x":193,"width":12,"y":231,"height":12},{"name":"BodyParts/Clothes/HandClothesTop1","x":193,"width":12,"y":272,"height":11},{"name":"BodyParts/Clothes/HandClothesTop5","x":993,"width":11,"y":246,"height":13},{"name":"BodyParts/Clothes/HandClothesTop6","x":193,"width":11,"y":244,"height":13},{"name":"BodyParts/Clothes/HandClothesTop7","x":627,"width":11,"y":265,"height":13},{"name":"BodyParts/Bags/Bag_Green","x":958,"width":24,"y":311,"height":28},{"name":"BodyParts/Bags/Bag_Red","x":958,"width":24,"y":369,"height":28},{"name":"BodyParts/Bags/Bag_Yellow","x":958,"width":24,"y":340,"height":28},{"name":"ComicDB_digits_red.png","x":647,"width":237,"y":27,"height":25},{"name":"ComicDB_digits_green.png","x":647,"width":237,"y":0,"height":25},{"name":"GameHUD/ArrowGreen","x":193,"width":68,"y":310,"height":151},{"name":"HeadParts/Glasses/Glasses3","x":955,"width":64,"y":569,"height":22},{"name":"HeadParts/Glasses/Glasses2","x":801,"width":64,"y":550,"height":23},{"name":"HeadParts/Glasses/Glasses1","x":279,"width":64,"y":564,"height":23},{"name":"HeadParts/Glasses/Glasses4","x":801,"width":62,"y":574,"height":21},{"name":"HeadParts/Hairs/Hair6","x":682,"width":94,"y":712,"height":59},{"name":"HeadParts/Hairs/Hair5","x":865,"width":84,"y":740,"height":68},{"name":"HeadParts/Hairs/Hair4","x":0,"width":84,"y":770,"height":63},{"name":"HeadParts/Hairs/Hair3","x":85,"width":81,"y":787,"height":62},{"name":"HeadParts/Hairs/Hair2","x":428,"width":85,"y":765,"height":62},{"name":"HeadParts/Hairs/Hair1","x":247,"width":85,"y":788,"height":42},{"name":"HeadParts/Hairs/Hair7","x":489,"width":76,"y":473,"height":48},{"name":"HeadParts/Hairs/Hair8","x":161,"width":83,"y":519,"height":106},{"name":"HeadParts/Hairs/Hair6_Profile","x":394,"width":85,"y":541,"height":88},{"name":"HeadParts/Hairs/Hair5_Profile","x":610,"width":79,"y":772,"height":68},{"name":"HeadParts/Hairs/Hair4_Profile","x":690,"width":80,"y":772,"height":65},{"name":"HeadParts/Hairs/Hair3_Profile","x":530,"width":79,"y":752,"height":72},{"name":"HeadParts/Hairs/Hair2_Profile","x":485,"width":80,"y":522,"height":82},{"name":"HeadParts/Hairs/Hair1_Profile","x":777,"width":87,"y":740,"height":65},{"name":"HeadParts/Hairs/Hair7_Profile","x":382,"width":83,"y":630,"height":71},{"name":"HeadParts/Hairs/Hair8_Profile","x":717,"width":83,"y":510,"height":112},{"name":"Clean_item","x":717,"width":22,"y":205,"height":94},{"name":"HeadParts/HeadBase","x":492,"width":72,"y":391,"height":81},{"name":"HeadParts/Mouthes/Mouth1","x":1002,"width":13,"y":283,"height":3},{"name":"HeadParts/Mouthes/Mouth2","x":988,"width":13,"y":280,"height":4},{"name":"HeadParts/Mouthes/Mouth3","x":627,"width":15,"y":243,"height":10},{"name":"HeadParts/Mouthes/Mouth4","x":627,"width":15,"y":254,"height":10},{"name":"HeadParts/Mouthes/Mouth5","x":864,"width":15,"y":273,"height":8},{"name":"HeadParts/Mouthes/Mouth6","x":993,"width":12,"y":232,"height":13},{"name":"HeadParts/Mouthes/Mouth7","x":863,"width":20,"y":282,"height":11},{"name":"HeadParts/Mouthes/Mouth8","x":864,"width":19,"y":262,"height":10},{"name":"HeadParts/Mouthes/Mouth9","x":988,"width":16,"y":260,"height":10},{"name":"HeadParts/Mouthes/Mouth10","x":864,"width":19,"y":247,"height":14},{"name":"HeadParts/Noses/Nose1","x":1005,"width":5,"y":154,"height":13},{"name":"HeadParts/Eye2Base","x":1006,"width":16,"y":249,"height":10},{"name":"HeadParts/Eye1Base","x":1004,"width":14,"y":274,"height":8},{"name":"HeadParts/EyePupilBase","x":878,"width":3,"y":164,"height":4},{"name":"HeadParts/Brow2Base","x":988,"width":15,"y":271,"height":8},{"name":"HeadParts/Brow1Base","x":627,"width":13,"y":279,"height":5},{"name":"HeadParts/EarBase","x":1005,"width":7,"y":142,"height":11},{"name":"HeadParts/HeadProfileBase","x":739,"width":73,"y":434,"height":75},{"name":"HeadParts/EarProfileBase","x":1014,"width":7,"y":137,"height":11},{"name":"Interface/OrangeButtonSkin","x":881,"width":75,"y":411,"height":75},{"name":"ShopItems/CashDesks/CashChair/Chair_1","x":874,"width":80,"y":487,"height":104},{"name":"Static objects/cashDesk symbols/Symbol 20000","x":0,"width":210,"y":0,"height":173},{"name":"ShopItems/CashDesks/CashTapeStiribe","x":0,"width":43,"y":587,"height":23},{"name":"ShopItems/Doors/Door1","x":429,"width":78,"y":0,"height":188},{"name":"ShopItems/Doors/Door2","x":350,"width":78,"y":0,"height":188},{"name":"ShopItems/Floors/FloorGrass1","x":749,"width":113,"y":164,"height":116},{"name":"ShopItems/Floors/FloorGrass2","x":0,"width":112,"y":174,"height":116},{"name":"ShopItems/Floors/Floor1","x":279,"width":101,"y":598,"height":101},{"name":"ShopItems/Floors/Floor2","x":480,"width":101,"y":605,"height":101},{"name":"ShopItems/Floors/Floor3","x":600,"width":101,"y":563,"height":101},{"name":"ShopItems/Floors/Floor4","x":636,"width":102,"y":357,"height":101},{"name":"ShopItems/Floors/Floor5","x":614,"width":101,"y":460,"height":101},{"name":"ShopItems/Interactive/GiftBox_red","x":131,"width":98,"y":701,"height":85},{"name":"ShopItems/Interactive/GiftBox_green","x":583,"width":98,"y":666,"height":85},{"name":"ShopItems/Interactive/GiftBox_blue","x":329,"width":98,"y":702,"height":85},{"name":"ShopItems/Interactive/GiftBox_yellow","x":230,"width":98,"y":701,"height":85},{"name":"ShopItems/Products/Water_1","x":304,"width":41,"y":298,"height":74},{"name":"ShopItems/Products/Banana","x":955,"width":49,"y":527,"height":40},{"name":"ShopItems/Products/ToothPaste","x":84,"width":57,"y":578,"height":19},{"name":"ShopItems/Products/Juice_1","x":958,"width":29,"y":259,"height":51},{"name":"ShopItems/Products/Orange","x":299,"width":42,"y":466,"height":37},{"name":"ShopItems/Products/Juice_2","x":983,"width":37,"y":329,"height":48},{"name":"ShopItems/Products/LimeOn","x":717,"width":22,"y":300,"height":38},{"name":"ShopItems/Products/Carrots_1","x":813,"width":57,"y":492,"height":57},{"name":"ShopItems/Products/Cream_1","x":304,"width":41,"y":373,"height":51},{"name":"ShopItems/Products/Lipsticks_1","x":958,"width":23,"y":398,"height":24},{"name":"ShopItems/Products/ToothBrushes_1","x":105,"width":52,"y":555,"height":22},{"name":"ShopItems/Products/Perfumes_1","x":988,"width":31,"y":287,"height":40},{"name":"ShopItems/Products/Perfume_2","x":344,"width":49,"y":516,"height":44},{"name":"ShopItems/Products/Peppers_1","x":107,"width":53,"y":517,"height":37},{"name":"ShopItems/Products/Cheese_1","x":982,"width":38,"y":418,"height":37},{"name":"ShopItems/Products/Sausage_1","x":299,"width":46,"y":426,"height":39},{"name":"ShopItems/Products/Candy_1","x":262,"width":36,"y":458,"height":37},{"name":"ShopItems/Products/Eggs_1","x":566,"width":44,"y":528,"height":33},{"name":"ShopItems/Products/Sugar_1","x":51,"width":53,"y":539,"height":36},{"name":"ShopItems/Products/Fanta","x":262,"width":40,"y":310,"height":65},{"name":"ShopItems/Products/Cola","x":814,"width":48,"y":282,"height":76},{"name":"ShopItems/Products/Beer","x":566,"width":47,"y":458,"height":69},{"name":"ShopItems/Products/Pizza_1","x":290,"width":53,"y":504,"height":58},{"name":"ShopItems/Products/Notebook","x":421,"width":66,"y":438,"height":66},{"name":"ShopItems/Products/Bread_1","x":0,"width":49,"y":555,"height":31},{"name":"ShopItems/Products/MilkBottles","x":957,"width":48,"y":456,"height":70},{"name":"ShopItems/Products/Hamburger","x":0,"width":50,"y":511,"height":43},{"name":"ShopItems/Products/Chips","x":74,"width":38,"y":292,"height":50},{"name":"ShopItems/Products/Sushi","x":864,"width":86,"y":592,"height":72},{"name":"ShopItems/Products/Cake","x":0,"width":71,"y":444,"height":66},{"name":"ShopItems/Products/TV","x":814,"width":59,"y":428,"height":63},{"name":"ShopItems/RenderUtils/Eraser","x":496,"width":10,"y":189,"height":10},{"name":"ShopItems/Shadows/Shadow","x":993,"width":10,"y":124,"height":50},{"name":"ShopItems/Shelfs/ShelfsParts/SHelf_1_back","x":346,"width":74,"y":341,"height":101},{"name":"ShopItems/Shelfs/ShelfsParts/Shelf_1_floor","x":135,"width":135,"y":626,"height":74},{"name":"ShopItems/Shelfs/ShelfsParts/Shelf_1_shadow","x":508,"width":121,"y":129,"height":109},{"name":"ShopItems/Shelfs/ShelfsParts/Shelf_2_floor","x":829,"width":135,"y":665,"height":74},{"name":"ShopItems/Shelfs/ShelfsParts/Shelf_2_glass","x":508,"width":138,"y":0,"height":128},{"name":"ShopItems/Shelfs/ShelfsParts/Shelf_2_GLass_2","x":421,"width":70,"y":342,"height":95},{"name":"ShopItems/Shelfs/ShelfsParts/Shelf_2_glass_HF","x":749,"width":135,"y":54,"height":109},{"name":"ShopItems/Shelfs/ShelfsParts/SHelf_3_side","x":346,"width":74,"y":443,"height":72},{"name":"ShopItems/Shelfs/ShelfsParts/Shelf_3_floor","x":0,"width":129,"y":699,"height":70},{"name":"ShopItems/Shelfs/ShelfsParts/Shelf4_InnerSide","x":304,"width":42,"y":180,"height":117},{"name":"ShopItems/Shelfs/ShelfsParts/Shelf4_FF_Back","x":570,"width":65,"y":326,"height":131},{"name":"ShopItems/Shelfs/ShelfsParts/Shelf4_Floor","x":428,"width":101,"y":708,"height":56},{"name":"ShopItems/Shelfs/ShelfsParts/Shelf4_FrontSide","x":647,"width":101,"y":54,"height":150},{"name":"ShopItems/Shelfs/ShelfsParts/Shelf_4_SideD","x":113,"width":70,"y":326,"height":138},{"name":"ShopItems/Shelfs/ShelfsParts/Shelf4_shadow","x":885,"width":107,"y":124,"height":134},{"name":"ShopItems/Shelfs/ShelfsParts/Shelf4_shadow_HF","x":206,"width":97,"y":180,"height":129},{"name":"ShopItems/Shelfs/ShelfsParts/Shelf5_inner_wall","x":886,"width":128,"y":0,"height":123},{"name":"ShopItems/Shelfs/ShelfsParts/Shelf5_outer_wall","x":0,"width":134,"y":613,"height":85},{"name":"ShopItems/Shelfs/ShelfsParts/Shelf5_HF_inner","x":167,"width":79,"y":787,"height":52},{"name":"ShopItems/Shelfs/ShelfsParts/Shelf5_HF_outer","x":703,"width":125,"y":623,"height":88},{"name":"ShopItems/Street/Tree","x":212,"width":137,"y":0,"height":179},{"name":"ShopItems/Unwashes/FootSteps","x":184,"width":71,"y":462,"height":56},{"name":"ShopItems/Unwashes/Splash_1","x":110,"width":71,"y":465,"height":51},{"name":"ShopItems/Unwashes/Splash_2","x":421,"width":63,"y":506,"height":34},{"name":"ShopItems/Walls/Wall2","x":740,"width":72,"y":282,"height":150},{"name":"ShopItems/Walls/Wall3","x":0,"width":72,"y":292,"height":150},{"name":"ShopItems/Walls/Wall4","x":422,"width":72,"y":189,"height":152},{"name":"ShopItems/Walls/Wall1","x":347,"width":73,"y":189,"height":150},{"name":"ShopItems/Walls/Wall5","x":114,"width":78,"y":174,"height":150},{"name":"ShopItems/Walls/Wall6","x":496,"width":73,"y":239,"height":150},{"name":"ShopItems/Walls/Wall7","x":643,"width":73,"y":205,"height":150},{"name":"ShopItems/Walls/Wall8","x":884,"width":72,"y":259,"height":150},{"name":"ShopItems/Windows/Window1","x":570,"width":56,"y":239,"height":86},{"name":"ShopItems/Windows/Window2","x":814,"width":66,"y":359,"height":68}]}